source_file,batch_index,group_index,subject,signal_type,annotation_type,start_time,end_time,width_ms,baseline_time,baseline_value,peak_time,peak_value,amplitude_mv,note
20260323111542.npy,0,0,母亲,MECG_clean,P波自动,0.232,0.296,64.0,0.232,-0.026099491864442825,0.256,0.014765163883566856,0.04086465574800968,自动标记，建议人工复核
20260323111542.npy,0,0,母亲,MECG_clean,QRS波自动,0.34,0.416,76.0,0.34,-0.0748918280005455,0.372,0.8107279539108276,0.8856197819113731,自动标记，建议人工复核
20260323111542.npy,0,0,母亲,MECG_clean,T波自动,0.504,0.668,164.0,0.504,0.05019757151603699,0.588,0.2207251489162445,0.17052757740020752,自动标记，建议人工复核
20260323111542.npy,0,0,母亲,MECG_clean,P波自动,0.9,0.992,92.0,0.9,-0.08910216391086578,0.96,-0.01171870157122612,0.07738346233963966,自动标记，建议人工复核
20260323111542.npy,0,0,母亲,MECG_clean,QRS波自动,1.044,1.12,76.0,1.044,-0.06585352122783661,1.076,0.807277262210846,0.8731307834386826,自动标记，建议人工复核
20260323111542.npy,0,0,母亲,MECG_clean,T波自动,1.168,1.368,200.0,1.168,-0.07154025137424469,1.292,0.18153806030750275,0.25307831168174744,自动标记，建议人工复核
20260323111542.npy,0,0,母亲,MECG_clean,P波自动,1.604,1.696,92.0,1.604,-0.06401777267456055,1.66,0.020746354013681412,0.08476412668824196,自动标记，建议人工复核
20260323111542.npy,0,0,母亲,MECG_clean,QRS波自动,1.744,1.82,76.0,1.744,-0.05444997921586037,1.776,0.865147054195404,0.9195970334112644,自动标记，建议人工复核
20260323111542.npy,0,0,母亲,MECG_clean,T波自动,1.896,2.076,180.0,1.896,-0.029681432992219925,1.996,0.21215111017227173,0.24183254316449165,自动标记，建议人工复核
20260323111542.npy,0,0,母亲,MECG_clean,P波自动,2.312,2.38,68.0,2.312,-0.03313787281513214,2.34,0.014384930953383446,0.04752280376851559,自动标记，建议人工复核
20260323111542.npy,0,0,母亲,MECG_clean,QRS波自动,2.42,2.496,76.0,2.42,-0.05517391487956047,2.452,0.8764725923538208,0.9316465072333813,自动标记，建议人工复核
20260323111542.npy,0,0,母亲,MECG_clean,T波自动,2.596,2.728,132.0,2.596,0.006866449024528265,2.672,0.18119235336780548,0.17432590434327722,自动标记，建议人工复核
20260323111542.npy,0,0,母亲,MECG_clean,P波自动,2.988,3.052,64.0,2.988,-0.0558929406106472,3.012,-0.026373116299510002,0.0295198243111372,自动标记，建议人工复核
20260323111542.npy,0,0,母亲,MECG_clean,QRS波自动,3.092,3.168,76.0,3.092,-0.11270114779472351,3.124,0.7841144800186157,0.8968156278133392,自动标记，建议人工复核
20260323111542.npy,0,0,母亲,MECG_clean,T波自动,3.244,3.416,172.0,3.244,-0.010425817221403122,3.344,0.20390987396240234,0.21433569118380547,自动标记，建议人工复核
20260323111542.npy,0,0,母亲,MECG_clean,P波自动,3.636,3.716,80.0,3.636,-0.0757640153169632,3.684,-0.010234322398900986,0.06552969291806221,自动标记，建议人工复核
20260323111542.npy,0,0,母亲,MECG_clean,QRS波自动,3.768,3.844,76.0,3.768,-0.07786811888217926,3.8,0.816002368927002,0.8938704878091812,自动标记，建议人工复核
20260323111542.npy,0,0,母亲,MECG_clean,T波自动,3.932,4.092,160.0,3.932,0.02420487068593502,4.012,0.2046317756175995,0.18042690493166447,自动标记，建议人工复核
20260323111542.npy,0,0,母亲,MECG_clean,P波自动,4.328,4.396,68.0,4.328,-0.04429091513156891,4.356,-0.016092970967292786,0.028197944164276123,自动标记，建议人工复核
20260323111542.npy,0,0,母亲,MECG_clean,QRS波自动,4.436,4.512,76.0,4.436,-0.08109908550977707,4.468,0.7730396389961243,0.8541387245059013,自动标记，建议人工复核
20260323111542.npy,0,0,母亲,MECG_clean,T波自动,4.6,4.768,168.0,4.6,-0.01366895530372858,4.684,0.18414287269115448,0.19781182799488306,自动标记，建议人工复核
20260323111542.npy,0,0,母亲,MECG_clean,P波自动,4.984,5.06,76.0,4.984,-0.06428565829992294,5.032,0.002781397895887494,0.06706705619581044,自动标记，建议人工复核
20260323111542.npy,0,0,母亲,MECG_clean,QRS波自动,5.104,5.176,72.0,5.104,-0.06006874144077301,5.132,0.8385286331176758,0.8985973745584488,自动标记，建议人工复核
20260323111542.npy,0,0,母亲,MECG_clean,T波自动,5.26,5.432,172.0,5.26,0.022035446017980576,5.352,0.2607846260070801,0.2387491799890995,自动标记，建议人工复核
20260323111542.npy,0,0,母亲,MECG_clean,P波自动,5.656,5.708,52.0,5.656,-0.08485164493322372,5.676,-0.04046603664755821,0.04438560828566551,自动标记，建议人工复核
20260323111542.npy,0,0,母亲,MECG_clean,QRS波自动,5.756,5.828,72.0,5.756,-0.12218012660741806,5.784,0.8833596706390381,1.0055397972464561,自动标记，建议人工复核
20260323111542.npy,0,0,母亲,MECG_clean,T波自动,5.92,6.064,144.0,5.92,-0.01049818191677332,5.996,0.19926302134990692,0.20976120326668024,自动标记，建议人工复核
20260323111542.npy,0,0,母亲,MECG_clean,P波自动,6.312,6.364,52.0,6.312,-0.056754909455776215,6.336,-0.008405579254031181,0.04834933020174503,自动标记，建议人工复核
20260323111542.npy,0,0,母亲,MECG_clean,QRS波自动,6.412,6.484,72.0,6.412,-0.0708044096827507,6.44,0.8623464107513428,0.9331508204340935,自动标记，建议人工复核
20260323111542.npy,0,0,母亲,MECG_clean,T波自动,6.58,6.732,152.0,6.58,0.048070698976516724,6.652,0.21167001128196716,0.16359931230545044,自动标记，建议人工复核
20260323111542.npy,0,0,母亲,MECG_clean,P波自动,6.972,7.044,72.0,6.972,-0.05822353810071945,7.004,-0.007752100937068462,0.05047143716365099,自动标记，建议人工复核
20260323111542.npy,0,0,母亲,MECG_clean,QRS波自动,7.08,7.156,76.0,7.08,-0.06858429312705994,7.112,0.8159448504447937,0.8845291435718536,自动标记，建议人工复核
20260323111542.npy,0,0,母亲,MECG_clean,T波自动,7.26,7.404,144.0,7.26,0.012168812565505505,7.332,0.1702578067779541,0.1580889942124486,自动标记，建议人工复核
20260323111542.npy,0,0,母亲,MECG_clean,P波自动,7.648,7.72,72.0,7.648,-0.05601945519447327,7.684,-0.0068978010676801205,0.049121654126793146,自动标记，建议人工复核
20260323111542.npy,0,0,母亲,MECG_clean,QRS波自动,7.76,7.836,76.0,7.76,-0.0627044290304184,7.792,0.8223772048950195,0.8850816339254379,自动标记，建议人工复核
20260323111542.npy,0,0,母亲,MECG_clean,T波自动,7.924,8.088,164.0,7.924,0.027053968980908394,8.008,0.24109236896038055,0.21403839997947216,自动标记，建议人工复核
20260323111542.npy,0,0,母亲,MECG_clean,P波自动,8.34,8.396,56.0,8.34,-0.05527137592434883,8.36,-0.023726509883999825,0.03154486604034901,自动标记，建议人工复核
20260323111542.npy,0,0,母亲,MECG_clean,QRS波自动,8.44,8.516,76.0,8.44,-0.1079428568482399,8.472,0.796049952507019,0.9039928093552589,自动标记，建议人工复核
20260323111542.npy,0,0,母亲,MECG_clean,T波自动,8.608,8.748,140.0,8.608,-0.029325177893042564,8.688,0.182280495762825,0.21160567365586758,自动标记，建议人工复核
20260323111542.npy,0,0,母亲,MECG_clean,P波自动,8.976,9.08,104.0,8.976,-0.07013817876577377,9.04,-0.01345509197562933,0.056683086790144444,自动标记，建议人工复核
20260323111542.npy,0,0,母亲,MECG_clean,QRS波自动,9.116,9.192,76.0,9.116,-0.07897184789180756,9.148,0.827563464641571,0.9065353125333786,自动标记，建议人工复核
20260323111542.npy,0,0,母亲,MECG_clean,T波自动,9.272,9.444,172.0,9.272,0.02345525100827217,9.364,0.22566662728786469,0.20221137627959251,自动标记，建议人工复核
20260323111542.npy,0,0,母亲,MECG_clean,P波自动,9.664,9.748,84.0,9.664,-0.05827702581882477,9.712,0.014037144370377064,0.07231417018920183,自动标记，建议人工复核
20260323111542.npy,0,0,母亲,MECG_clean,QRS波自动,9.788,9.864,76.0,9.788,-0.04176784306764603,9.82,0.8368446826934814,0.8786125257611275,自动标记，建议人工复核
20260323111542.npy,0,0,母亲,MECG_clean,T波自动,9.956,10.116,160.0,9.956,6.851577927591279e-05,10.04,0.1883188635110855,0.1882503477318096,自动标记，建议人工复核
20260323111542.npy,0,0,母亲,MECG_clean,P波自动,10.328,10.416,88.0,10.328,-0.12187895178794861,10.38,-0.05017641931772232,0.07170253247022629,自动标记，建议人工复核
20260323111542.npy,0,0,母亲,MECG_clean,QRS波自动,10.46,10.536,76.0,10.46,-0.10060382634401321,10.492,0.8744199872016907,0.9750238135457039,自动标记，建议人工复核
20260323111542.npy,0,0,母亲,MECG_clean,T波自动,10.648,10.792,144.0,10.648,0.12598411738872528,10.708,0.2812102735042572,0.15522615611553192,自动标记，建议人工复核
20260323111542.npy,0,0,母亲,MECG_clean,P波自动,11.0,11.08,80.0,11.0,-0.09955921769142151,11.048,-0.0522044338285923,0.04735478386282921,自动标记，建议人工复核
20260323111542.npy,0,0,母亲,MECG_clean,QRS波自动,11.124,11.196,72.0,11.124,-0.10234460234642029,11.152,0.8585408329963684,0.9608854353427887,自动标记，建议人工复核
20260323111542.npy,0,0,母亲,MECG_clean,T波自动,11.316,11.424,108.0,11.316,0.0580761544406414,11.368,0.18896645307540894,0.13089029863476753,自动标记，建议人工复核
20260323111542.npy,0,0,母亲,MECG_clean,P波自动,11.684,11.748,64.0,11.684,0.004407686181366444,11.712,0.04323162883520126,0.03882394265383482,自动标记，建议人工复核
20260323111542.npy,0,0,母亲,MECG_clean,QRS波自动,11.784,11.86,76.0,11.784,-0.0448676198720932,11.816,0.8430806398391724,0.8879482597112656,自动标记(估计)
20260323111542.npy,1,0,母亲,MECG_clean,P波自动,0.308,0.364,56.0,0.308,-0.06645165383815765,0.336,-0.016890572383999825,0.04956108145415783,自动标记，建议人工复核
20260323111542.npy,1,0,母亲,MECG_clean,QRS波自动,0.408,0.484,76.0,0.408,-0.08104688674211502,0.44,0.8413735628128052,0.9224204495549202,自动标记，建议人工复核
20260323111542.npy,1,0,母亲,MECG_clean,T波自动,0.576,0.732,156.0,0.576,0.047000203281641006,0.652,0.21710683405399323,0.17010663077235222,自动标记，建议人工复核
20260323111542.npy,1,0,母亲,MECG_clean,P波自动,0.972,1.044,72.0,0.972,-0.047348346561193466,1.0,0.004231651313602924,0.05157999787479639,自动标记，建议人工复核
20260323111542.npy,1,0,母亲,MECG_clean,QRS波自动,1.08,1.156,76.0,1.08,-0.06013520061969757,1.112,0.8027684092521667,0.8629036098718643,自动标记，建议人工复核
20260323111542.npy,1,0,母亲,MECG_clean,T波自动,1.26,1.404,144.0,1.26,0.013895620591938496,1.332,0.1665346771478653,0.1526390565559268,自动标记，建议人工复核
20260323111542.npy,1,0,母亲,MECG_clean,P波自动,1.644,1.716,72.0,1.644,-0.05920391157269478,1.684,-0.011224497109651566,0.04797941446304321,自动标记，建议人工复核
20260323111542.npy,1,0,母亲,MECG_clean,QRS波自动,1.76,1.836,76.0,1.76,-0.06586571037769318,1.792,0.7984607219696045,0.8643264323472977,自动标记，建议人工复核
20260323111542.npy,1,0,母亲,MECG_clean,T波自动,1.92,2.088,168.0,1.92,0.014876781031489372,2.004,0.23397789895534515,0.21910111792385578,自动标记，建议人工复核
20260323111542.npy,1,0,母亲,MECG_clean,P波自动,2.34,2.396,56.0,2.34,-0.053537238389253616,2.36,-0.02248487062752247,0.031052367761731148,自动标记，建议人工复核
20260323111542.npy,1,0,母亲,MECG_clean,QRS波自动,2.44,2.516,76.0,2.44,-0.10376275330781937,2.472,0.7793723344802856,0.883135087788105,自动标记，建议人工复核
20260323111542.npy,1,0,母亲,MECG_clean,T波自动,2.604,2.748,144.0,2.604,-0.027006221935153008,2.684,0.18007194995880127,0.20707817189395428,自动标记，建议人工复核
20260323111542.npy,1,0,母亲,MECG_clean,P波自动,2.976,3.08,104.0,2.976,-0.06456095725297928,3.04,-0.009726786985993385,0.05483417026698589,自动标记，建议人工复核
20260323111542.npy,1,0,母亲,MECG_clean,QRS波自动,3.116,3.192,76.0,3.116,-0.07458390295505524,3.148,0.8102170825004578,0.884800985455513,自动标记，建议人工复核
20260323111542.npy,1,0,母亲,MECG_clean,T波自动,3.272,3.444,172.0,3.272,0.022814489901065826,3.364,0.2183336764574051,0.19551918655633926,自动标记，建议人工复核
20260323111542.npy,1,0,母亲,MECG_clean,P波自动,3.66,3.744,84.0,3.66,-0.07121601700782776,3.708,0.00790076982229948,0.07911678683012724,自动标记，建议人工复核
20260323111542.npy,1,0,母亲,MECG_clean,QRS波自动,3.788,3.864,76.0,3.788,-0.05036238953471184,3.82,0.807547390460968,0.8579097799956799,自动标记，建议人工复核
20260323111542.npy,1,0,母亲,MECG_clean,T波自动,3.952,4.112,160.0,3.952,-0.015317121520638466,4.04,0.17743444442749023,0.1927515659481287,自动标记，建议人工复核
20260323111542.npy,1,0,母亲,MECG_clean,P波自动,4.324,4.416,92.0,4.324,-0.11172620952129364,4.376,-0.0368102490901947,0.07491596043109894,自动标记，建议人工复核
20260323111542.npy,1,0,母亲,MECG_clean,QRS波自动,4.46,4.536,76.0,4.46,-0.08077065646648407,4.492,0.8735237121582031,0.9542943686246872,自动标记，建议人工复核
20260323111542.npy,1,0,母亲,MECG_clean,T波自动,4.64,4.788,148.0,4.64,0.132137268781662,4.704,0.3068910539150238,0.17475378513336182,自动标记，建议人工复核
20260323111542.npy,1,0,母亲,MECG_clean,P波自动,5.0,5.08,80.0,5.0,-0.08049409091472626,5.044,-0.04243742674589157,0.038056664168834686,自动标记，建议人工复核
20260323111542.npy,1,0,母亲,MECG_clean,QRS波自动,5.124,5.196,72.0,5.124,-0.10227052122354507,5.152,0.8307328224182129,0.933003343641758,自动标记，建议人工复核
20260323111542.npy,1,0,母亲,MECG_clean,T波自动,5.316,5.424,108.0,5.316,0.013633686117827892,5.364,0.13193285465240479,0.11829916853457689,自动标记，建议人工复核
20260323111542.npy,1,0,母亲,MECG_clean,P波自动,5.68,5.74,60.0,5.68,-0.06716673076152802,5.712,-0.02008950524032116,0.047077225521206856,自动标记，建议人工复核
20260323111542.npy,1,0,母亲,MECG_clean,QRS波自动,5.788,5.86,72.0,5.788,-0.07596059143543243,5.816,0.8169527053833008,0.8929132968187332,自动标记，建议人工复核
20260323111542.npy,1,0,母亲,MECG_clean,T波自动,5.944,6.108,164.0,5.944,0.02764354832470417,6.024,0.2181357890367508,0.19049224071204662,自动标记，建议人工复核
20260323111542.npy,1,0,母亲,MECG_clean,P波自动,6.344,6.404,60.0,6.344,-0.05746978148818016,6.372,0.0028724935837090015,0.06034227507188916,自动标记，建议人工复核
20260323111542.npy,1,0,母亲,MECG_clean,QRS波自动,6.448,6.52,72.0,6.448,-0.0633140504360199,6.476,0.8056025505065918,0.8689166009426117,自动标记，建议人工复核
20260323111542.npy,1,0,母亲,MECG_clean,T波自动,6.592,6.772,180.0,6.592,0.00866085384041071,6.692,0.1788610965013504,0.1702002426609397,自动标记，建议人工复核
20260323111542.npy,1,0,母亲,MECG_clean,P波自动,7.012,7.068,56.0,7.012,-0.05345809832215309,7.04,0.011708610691130161,0.06516670901328325,自动标记，建议人工复核
20260323111542.npy,1,0,母亲,MECG_clean,QRS波自动,7.12,7.196,76.0,7.12,-0.04591679945588112,7.152,0.835834801197052,0.8817516006529331,自动标记，建议人工复核
20260323111542.npy,1,0,母亲,MECG_clean,T波自动,7.28,7.444,164.0,7.28,-0.019336074590682983,7.372,0.17322173714637756,0.19255781173706055,自动标记，建议人工复核
20260323111542.npy,1,0,母亲,MECG_clean,P波自动,7.688,7.74,52.0,7.688,-0.04214346408843994,7.708,0.018202705308794975,0.06034616939723492,自动标记，建议人工复核
20260323111542.npy,1,0,母亲,MECG_clean,QRS波自动,7.788,7.864,76.0,7.788,-0.06386473774909973,7.82,0.9481062293052673,1.011970967054367,自动标记，建议人工复核
20260323111542.npy,1,0,母亲,MECG_clean,T波自动,7.948,8.096,148.0,7.948,-0.005208280403167009,8.032,0.16369527578353882,0.16890355618670583,自动标记，建议人工复核
20260323111542.npy,1,0,母亲,MECG_clean,P波自动,8.332,8.408,76.0,8.332,-0.06017439067363739,8.372,-0.021007757633924484,0.039166633039712906,自动标记，建议人工复核
20260323111542.npy,1,0,母亲,MECG_clean,QRS波自动,8.452,8.524,72.0,8.452,-0.09579801559448242,8.48,0.8380391597747803,0.9338371753692627,自动标记，建议人工复核
20260323111542.npy,1,0,母亲,MECG_clean,T波自动,8.616,8.768,152.0,8.616,0.015127266757190228,8.7,0.1775026172399521,0.16237535048276186,自动标记，建议人工复核
20260323111542.npy,1,0,母亲,MECG_clean,P波自动,9.004,9.064,60.0,9.004,-0.05726568028330803,9.036,0.0052452185191214085,0.06251089880242944,自动标记，建议人工复核
20260323111542.npy,1,0,母亲,MECG_clean,QRS波自动,9.108,9.176,68.0,9.108,-0.06450764834880829,9.136,0.8105303049087524,0.8750379532575607,自动标记，建议人工复核
20260323111542.npy,1,0,母亲,MECG_clean,T波自动,9.24,9.436,196.0,9.24,-0.024383913725614548,9.356,0.1987127959728241,0.22309670969843864,自动标记，建议人工复核
20260323111542.npy,1,0,母亲,MECG_clean,P波自动,9.648,9.704,56.0,9.648,-0.08278196305036545,9.672,-0.03738652169704437,0.045395441353321075,自动标记，建议人工复核
20260323111542.npy,1,0,母亲,MECG_clean,QRS波自动,9.752,9.82,68.0,9.752,-0.056524261832237244,9.78,0.7883772850036621,0.8449015468358994,自动标记，建议人工复核
20260323111542.npy,1,0,母亲,MECG_clean,T波自动,9.86,10.1,240.0,9.86,-0.09655337780714035,9.992,0.16640876233577728,0.26296214014291763,自动标记，建议人工复核
20260323111542.npy,1,0,母亲,MECG_clean,P波自动,10.276,10.344,68.0,10.276,-0.07510450482368469,10.316,-0.013205406256020069,0.06189909856766462,自动标记，建议人工复核
20260323111542.npy,1,0,母亲,MECG_clean,QRS波自动,10.392,10.46,68.0,10.392,-0.07260628789663315,10.42,0.8672282099723816,0.9398344978690147,自动标记，建议人工复核
20260323111542.npy,1,0,母亲,MECG_clean,T波自动,10.544,10.712,168.0,10.544,-0.001775427837856114,10.64,0.2067030966281891,0.2084785244660452,自动标记，建议人工复核
20260323111542.npy,1,0,母亲,MECG_clean,P波自动,10.892,10.92,28.0,10.892,-0.011334648355841637,10.908,0.006940891034901142,0.01827553939074278,自动标记，建议人工复核
20260323111542.npy,1,0,母亲,MECG_clean,QRS波自动,11.016,11.084,68.0,11.016,-0.07767684757709503,11.044,0.9160706996917725,0.9937475472688675,自动标记，建议人工复核
20260323111542.npy,1,0,母亲,MECG_clean,T波自动,11.2,11.316,116.0,11.2,0.01898028887808323,11.256,0.1423298865556717,0.12334959767758846,自动标记，建议人工复核
20260323111542.npy,1,0,母亲,MECG_clean,P波自动,11.52,11.612,92.0,11.52,-0.11876359581947327,11.552,-0.089358389377594,0.029405206441879272,自动标记，建议人工复核
20260323111542.npy,1,0,母亲,MECG_clean,QRS波自动,11.628,11.696,68.0,11.628,-0.1635926216840744,11.656,0.7624176740646362,0.9260102957487106,自动标记，建议人工复核
20260323111542.npy,1,0,母亲,MECG_clean,T波自动,11.792,11.948,156.0,11.792,-0.03231506422162056,11.876,0.16847209632396698,0.20078716054558754,自动标记，建议人工复核
20260323111542.npy,2,0,母亲,MECG_clean,P波自动,0.344,0.4,56.0,0.344,-0.05081598460674286,0.372,0.007710663136094809,0.05852664774283767,自动标记，建议人工复核
20260323111542.npy,2,0,母亲,MECG_clean,QRS波自动,0.444,0.52,76.0,0.444,-0.0526345856487751,0.476,0.770256519317627,0.822891104966402,自动标记，建议人工复核
20260323111542.npy,2,0,母亲,MECG_clean,T波自动,0.588,0.772,184.0,0.588,0.013593527488410473,0.688,0.1784583032131195,0.16486477572470903,自动标记，建议人工复核
20260323111542.npy,2,0,母亲,MECG_clean,P波自动,1.012,1.068,56.0,1.012,-0.046331919729709625,1.04,0.014504252932965755,0.06083617266267538,自动标记，建议人工复核
20260323111542.npy,2,0,母亲,MECG_clean,QRS波自动,1.12,1.196,76.0,1.12,-0.0419398732483387,1.152,0.7903737425804138,0.8323136158287525,自动标记，建议人工复核
20260323111542.npy,2,0,母亲,MECG_clean,T波自动,1.28,1.444,164.0,1.28,-0.02002374827861786,1.368,0.16405746340751648,0.18408121168613434,自动标记，建议人工复核
20260323111542.npy,2,0,母亲,MECG_clean,P波自动,1.684,1.736,52.0,1.684,-0.04164948686957359,1.708,0.014246710576117039,0.05589619744569063,自动标记，建议人工复核
20260323111542.npy,2,0,母亲,MECG_clean,QRS波自动,1.788,1.864,76.0,1.788,-0.06259581446647644,1.82,0.8937989473342896,0.956394761800766,自动标记，建议人工复核
20260323111542.npy,2,0,母亲,MECG_clean,T波自动,1.944,2.092,148.0,1.944,-0.013595701195299625,2.032,0.15483145415782928,0.1684271553531289,自动标记，建议人工复核
20260323111542.npy,2,0,母亲,MECG_clean,P波自动,2.328,2.408,80.0,2.328,-0.05901768058538437,2.372,-0.01842246577143669,0.04059521481394768,自动标记，建议人工复核
20260323111542.npy,2,0,母亲,MECG_clean,QRS波自动,2.452,2.524,72.0,2.452,-0.08941279351711273,2.48,0.7926806807518005,0.8820934742689133,自动标记，建议人工复核
20260323111542.npy,2,0,母亲,MECG_clean,T波自动,2.612,2.768,156.0,2.612,0.006898049730807543,2.696,0.1654973328113556,0.15859928308054805,自动标记，建议人工复核
20260323111542.npy,2,0,母亲,MECG_clean,P波自动,3.0,3.064,64.0,3.0,-0.05935554951429367,3.032,0.0010045141680166125,0.06036006368231028,自动标记，建议人工复核
20260323111542.npy,2,0,母亲,MECG_clean,QRS波自动,3.108,3.176,68.0,3.108,-0.06530154496431351,3.136,0.7614381909370422,0.8267397359013557,自动标记，建议人工复核
20260323111542.npy,2,0,母亲,MECG_clean,T波自动,3.236,3.432,196.0,3.236,-0.032942596822977066,3.356,0.1854458898305893,0.21838848665356636,自动标记，建议人工复核
20260323111542.npy,2,0,母亲,MECG_clean,P波自动,3.648,3.7,52.0,3.648,-0.07332056760787964,3.672,-0.029727790504693985,0.043592777103185654,自动标记，建议人工复核
20260323111542.npy,2,0,母亲,MECG_clean,QRS波自动,3.752,3.82,68.0,3.752,-0.04550612345337868,3.78,0.7534967064857483,0.799002829939127,自动标记，建议人工复核
20260323111542.npy,2,0,母亲,MECG_clean,T波自动,3.86,4.096,236.0,3.86,-0.08061754703521729,3.992,0.16977329552173615,0.25039084255695343,自动标记，建议人工复核
20260323111542.npy,2,0,母亲,MECG_clean,P波自动,4.276,4.344,68.0,4.276,-0.063199482858181,4.316,-0.006596837192773819,0.05660264566540718,自动标记，建议人工复核
20260323111542.npy,2,0,母亲,MECG_clean,QRS波自动,4.392,4.46,68.0,4.392,-0.06707411259412766,4.42,0.8190135359764099,0.8860876485705376,自动标记，建议人工复核
20260323111542.npy,2,0,母亲,MECG_clean,T波自动,4.54,4.712,172.0,4.54,-0.01963091641664505,4.636,0.177101731300354,0.19673264771699905,自动标记，建议人工复核
20260323111542.npy,2,0,母亲,MECG_clean,P波自动,4.888,4.916,28.0,4.888,-0.04373988136649132,4.904,-0.025811297819018364,0.017928583547472954,自动标记，建议人工复核
20260323111542.npy,2,0,母亲,MECG_clean,QRS波自动,5.016,5.084,68.0,5.016,-0.10484223812818527,5.044,0.8352903723716736,0.9401326104998589,自动标记，建议人工复核
20260323111542.npy,2,0,母亲,MECG_clean,T波自动,5.2,5.316,116.0,5.2,0.00329651334322989,5.256,0.12892550230026245,0.12562898895703256,自动标记，建议人工复核
20260323111542.npy,2,0,母亲,MECG_clean,P波自动,5.512,5.604,92.0,5.512,-0.06639619171619415,5.552,-0.02642895095050335,0.039967240765690804,自动标记，建议人工复核
20260323111542.npy,2,0,母亲,MECG_clean,QRS波自动,5.628,5.696,68.0,5.628,-0.08467049896717072,5.656,0.7925109267234802,0.8771814256906509,自动标记，建议人工复核
20260323111542.npy,2,0,母亲,MECG_clean,T波自动,5.788,5.956,168.0,5.788,0.025912774726748466,5.868,0.19059526920318604,0.16468249447643757,自动标记，建议人工复核
20260323111542.npy,2,0,母亲,MECG_clean,P波自动,6.148,6.204,56.0,6.148,-0.0835115984082222,6.18,-0.03659516200423241,0.04691643640398979,自动标记，建议人工复核
20260323111542.npy,2,0,母亲,MECG_clean,QRS波自动,6.248,6.316,68.0,6.248,-0.08384305238723755,6.276,0.7639551162719727,0.8477981686592102,自动标记，建议人工复核
20260323111542.npy,2,0,母亲,MECG_clean,T波自动,6.396,6.568,172.0,6.396,-0.02966378629207611,6.492,0.15944895148277283,0.18911273777484894,自动标记，建议人工复核
20260323111542.npy,2,0,母亲,MECG_clean,P波自动,6.78,6.836,56.0,6.78,-0.06385866552591324,6.804,-0.028684101998806,0.03517456352710724,自动标记，建议人工复核
20260323111542.npy,2,0,母亲,MECG_clean,QRS波自动,6.876,6.944,68.0,6.876,-0.07228359580039978,6.904,0.7612512111663818,0.8335348069667816,自动标记，建议人工复核
20260323111542.npy,2,0,母亲,MECG_clean,T波自动,7.032,7.196,164.0,7.032,-0.006073249038308859,7.116,0.1627659946680069,0.16883924370631576,自动标记，建议人工复核
20260323111542.npy,2,0,母亲,MECG_clean,P波自动,7.372,7.46,88.0,7.372,-0.07780124247074127,7.436,-0.007776052225381136,0.07002519024536014,自动标记，建议人工复核
20260323111542.npy,2,0,母亲,MECG_clean,QRS波自动,7.512,7.58,68.0,7.512,-0.06586599349975586,7.54,0.7848280668258667,0.8506940603256226,自动标记，建议人工复核
20260323111542.npy,2,0,母亲,MECG_clean,T波自动,7.672,7.84,168.0,7.672,-0.0029140242841094732,7.76,0.17072325944900513,0.1736372837331146,自动标记，建议人工复核
20260323111542.npy,2,0,母亲,MECG_clean,P波自动,8.032,8.096,64.0,8.032,-0.07223706692457199,8.068,-0.003030837047845125,0.06920622987672687,自动标记，建议人工复核
20260323111542.npy,2,0,母亲,MECG_clean,QRS波自动,8.144,8.212,68.0,8.144,-0.048943061381578445,8.172,0.8894879221916199,0.9384309835731983,自动标记，建议人工复核
20260323111542.npy,2,0,母亲,MECG_clean,T波自动,8.32,8.452,132.0,8.32,0.04421161115169525,8.384,0.1492660790681839,0.10505446791648865,自动标记，建议人工复核
20260323111542.npy,2,0,母亲,MECG_clean,P波自动,8.668,8.724,56.0,8.668,-0.0770500972867012,8.692,-0.04747338965535164,0.029576707631349564,自动标记，建议人工复核
20260323111542.npy,2,0,母亲,MECG_clean,QRS波自动,8.768,8.836,68.0,8.768,-0.1189696416258812,8.796,0.7565793991088867,0.8755490407347679,自动标记，建议人工复核
20260323111542.npy,2,0,母亲,MECG_clean,T波自动,8.924,9.084,160.0,8.924,-0.013926327228546143,9.016,0.1711994707584381,0.18512579798698425,自动标记，建议人工复核
20260323111542.npy,2,0,母亲,MECG_clean,P波自动,9.308,9.372,64.0,9.308,-0.05863502249121666,9.34,-0.025097031146287918,0.03353799134492874,自动标记，建议人工复核
20260323111542.npy,2,0,母亲,MECG_clean,QRS波自动,9.412,9.48,68.0,9.412,-0.0586816780269146,9.44,0.7807100415229797,0.8393917195498943,自动标记，建议人工复核
20260323111542.npy,2,0,母亲,MECG_clean,T波自动,9.564,9.748,184.0,9.564,0.05267811939120293,9.652,0.21257683634757996,0.15989871695637703,自动标记，建议人工复核
20260323111542.npy,2,0,母亲,MECG_clean,P波自动,9.876,10.012,136.0,9.876,-0.09627006947994232,9.98,-0.012055309489369392,0.08421475999057293,自动标记，建议人工复核
20260323111542.npy,2,0,母亲,MECG_clean,QRS波自动,10.056,10.128,72.0,10.056,-0.055054374039173126,10.084,0.7442389726638794,0.7992933467030525,自动标记，建议人工复核
20260323111542.npy,2,0,母亲,MECG_clean,T波自动,10.22,10.384,164.0,10.22,-0.004788956604897976,10.3,0.12143093347549438,0.12621989008039236,自动标记，建议人工复核
20260323111542.npy,2,0,母亲,MECG_clean,P波自动,10.6,10.66,60.0,10.6,-0.12270603328943253,10.628,-0.06800410896539688,0.054701924324035645,自动标记，建议人工复核
20260323111542.npy,2,0,母亲,MECG_clean,QRS波自动,10.704,10.772,68.0,10.704,-0.1287837028503418,10.732,0.6801596283912659,0.8089433312416077,自动标记，建议人工复核
20260323111542.npy,2,0,母亲,MECG_clean,T波自动,10.832,11.032,200.0,10.832,-0.10640329122543335,10.956,0.13327504694461823,0.23967833817005157,自动标记，建议人工复核
20260323111542.npy,2,0,母亲,MECG_clean,P波自动,11.24,11.296,56.0,11.24,0.03946540132164955,11.272,0.1094605028629303,0.06999510154128075,自动标记，建议人工复核
20260323111542.npy,2,0,母亲,MECG_clean,QRS波自动,11.344,11.412,68.0,11.344,0.07424896955490112,11.372,0.9858536720275879,0.9116047024726868,自动标记(估计)
20260323111542.npy,2,0,母亲,MECG_clean,T波自动,11.488,11.656,168.0,11.488,0.11602169275283813,11.588,0.3325637876987457,0.2165420949459076,自动标记，建议人工复核
20260323111542.npy,3,0,母亲,MECG_clean,P波自动,0.328,0.408,80.0,0.328,-0.05610703304409981,0.368,-0.017733825370669365,0.03837320767343044,自动标记，建议人工复核
20260323111542.npy,3,0,母亲,MECG_clean,QRS波自动,0.452,0.524,72.0,0.452,-0.09288014471530914,0.48,0.8537857532501221,0.9466658979654312,自动标记，建议人工复核
20260323111542.npy,3,0,母亲,MECG_clean,T波自动,0.612,0.768,156.0,0.612,0.006589543540030718,0.696,0.1754845529794693,0.16889500943943858,自动标记，建议人工复核
20260323111542.npy,3,0,母亲,MECG_clean,P波自动,1.0,1.064,64.0,1.0,-0.06821908801794052,1.032,-0.003388218581676483,0.06483086943626404,自动标记，建议人工复核
20260323111542.npy,3,0,母亲,MECG_clean,QRS波自动,1.108,1.176,68.0,1.108,-0.07449162006378174,1.136,0.8136109113693237,0.8881025314331055,自动标记，建议人工复核
20260323111542.npy,3,0,母亲,MECG_clean,T波自动,1.236,1.432,196.0,1.236,-0.039221420884132385,1.356,0.19606778025627136,0.23528920114040375,自动标记，建议人工复核
20260323111542.npy,3,0,母亲,MECG_clean,P波自动,1.644,1.7,56.0,1.644,-0.07715407013893127,1.672,-0.032910868525505066,0.04424320161342621,自动标记，建议人工复核
20260323111542.npy,3,0,母亲,MECG_clean,QRS波自动,1.752,1.82,68.0,1.752,-0.04937960207462311,1.78,0.8090021014213562,0.8583817034959793,自动标记，建议人工复核
20260323111542.npy,3,0,母亲,MECG_clean,T波自动,1.86,2.096,236.0,1.86,-0.08653707057237625,1.992,0.18293026089668274,0.269467331469059,自动标记，建议人工复核
20260323111542.npy,3,0,母亲,MECG_clean,P波自动,2.276,2.344,68.0,2.276,-0.06681878119707108,2.316,-0.006011839956045151,0.060806941241025925,自动标记，建议人工复核
20260323111542.npy,3,0,母亲,MECG_clean,QRS波自动,2.392,2.46,68.0,2.392,-0.07098860293626785,2.42,0.8807616829872131,0.951750285923481,自动标记，建议人工复核
20260323111542.npy,3,0,母亲,MECG_clean,T波自动,2.54,2.712,172.0,2.54,-0.020163828507065773,2.636,0.1910116970539093,0.21117552556097507,自动标记，建议人工复核
20260323111542.npy,3,0,母亲,MECG_clean,P波自动,2.924,2.976,52.0,2.924,-0.05318973958492279,2.944,-0.003493515308946371,0.04969622427597642,自动标记，建议人工复核
20260323111542.npy,3,0,母亲,MECG_clean,QRS波自动,3.016,3.084,68.0,3.016,-0.11250865459442139,3.044,0.8972616791725159,1.0097703337669373,自动标记，建议人工复核
20260323111542.npy,3,0,母亲,MECG_clean,T波自动,3.196,3.316,120.0,3.196,-0.0029569300822913647,3.256,0.1382364183664322,0.14119334844872355,自动标记，建议人工复核
20260323111542.npy,3,0,母亲,MECG_clean,P波自动,3.512,3.604,92.0,3.512,-0.07176846265792847,3.552,-0.028852680698037148,0.04291578195989132,自动标记，建议人工复核
20260323111542.npy,3,0,母亲,MECG_clean,QRS波自动,3.628,3.696,68.0,3.628,-0.09142337739467621,3.656,0.8507769703865051,0.9422003477811813,自动标记，建议人工复核
20260323111542.npy,3,0,母亲,MECG_clean,T波自动,3.788,3.956,168.0,3.788,0.027393711730837822,3.868,0.20433363318443298,0.17693992145359516,自动标记，建议人工复核
20260323111542.npy,3,0,母亲,MECG_clean,P波自动,4.148,4.204,56.0,4.148,-0.08975552022457123,4.176,-0.038340095430612564,0.051415424793958664,自动标记，建议人工复核
20260323111542.npy,3,0,母亲,MECG_clean,QRS波自动,4.248,4.316,68.0,4.248,-0.0899449959397316,4.276,0.8207430839538574,0.910688079893589,自动标记，建议人工复核
20260323111542.npy,3,0,母亲,MECG_clean,T波自动,4.396,4.568,172.0,4.396,-0.03148530796170235,4.492,0.171810120344162,0.20329542830586433,自动标记，建议人工复核
20260323111542.npy,3,0,母亲,MECG_clean,P波自动,4.78,4.832,52.0,4.78,-0.06775359809398651,4.804,-0.029970260336995125,0.037783337756991386,自动标记，建议人工复核
20260323111542.npy,3,0,母亲,MECG_clean,QRS波自动,4.876,4.944,68.0,4.876,-0.0768258348107338,4.904,0.8184704184532166,0.8952962532639503,自动标记，建议人工复核
20260323111542.npy,3,0,母亲,MECG_clean,T波自动,5.032,5.196,164.0,5.032,-0.005927958060055971,5.116,0.17520670592784882,0.1811346639879048,自动标记，建议人工复核
20260323111542.npy,3,0,母亲,MECG_clean,P波自动,5.372,5.46,88.0,5.372,-0.08423186093568802,5.436,-0.009327572770416737,0.07490428816527128,自动标记，建议人工复核
20260323111542.npy,3,0,母亲,MECG_clean,QRS波自动,5.512,5.58,68.0,5.512,-0.07209036499261856,5.54,0.8415288925170898,0.9136192575097084,自动标记，建议人工复核
20260323111542.npy,3,0,母亲,MECG_clean,T波自动,5.668,5.84,172.0,5.668,-0.012323926202952862,5.756,0.1782926619052887,0.19061658810824156,自动标记，建议人工复核
20260323111542.npy,3,0,母亲,MECG_clean,P波自动,6.032,6.096,64.0,6.032,-0.07934624701738358,6.068,-0.004789579194039106,0.07455666782334447,自动标记，建议人工复核
20260323111542.npy,3,0,母亲,MECG_clean,QRS波自动,6.144,6.212,68.0,6.144,-0.05350940302014351,6.172,0.9547424912452698,1.0082518942654133,自动标记，建议人工复核
20260323111542.npy,3,0,母亲,MECG_clean,T波自动,6.32,6.452,132.0,6.32,0.04852766916155815,6.384,0.1622360497713089,0.11370838060975075,自动标记，建议人工复核
20260323111542.npy,3,0,母亲,MECG_clean,P波自动,6.664,6.724,60.0,6.664,-0.0779685527086258,6.692,-0.04526634141802788,0.032702211290597916,自动标记，建议人工复核
20260323111542.npy,3,0,母亲,MECG_clean,QRS波自动,6.768,6.836,68.0,6.768,-0.12162140011787415,6.796,0.8188968300819397,0.9405182301998138,自动标记，建议人工复核
20260323111542.npy,3,0,母亲,MECG_clean,T波自动,6.924,7.084,160.0,6.924,-0.009156846441328526,7.016,0.18848758935928345,0.19764443580061197,自动标记，建议人工复核
20260323111542.npy,3,0,母亲,MECG_clean,P波自动,7.308,7.372,64.0,7.308,-0.06725358217954636,7.34,-0.0325552374124527,0.03469834476709366,自动标记，建议人工复核
20260323111542.npy,3,0,母亲,MECG_clean,QRS波自动,7.412,7.48,68.0,7.412,-0.07169869542121887,7.44,0.8287155032157898,0.9004141986370087,自动标记，建议人工复核
20260323111542.npy,3,0,母亲,MECG_clean,T波自动,7.564,7.752,188.0,7.564,0.041834719479084015,7.652,0.21102690696716309,0.16919218748807907,自动标记，建议人工复核
20260323111542.npy,3,0,母亲,MECG_clean,P波自动,7.904,8.008,104.0,7.904,-0.1015196442604065,7.98,-0.0244805496186018,0.0770390946418047,自动标记，建议人工复核
20260323111542.npy,3,0,母亲,MECG_clean,QRS波自动,8.056,8.128,72.0,8.056,-0.06452107429504395,8.084,0.7967807650566101,0.861301839351654,自动标记，建议人工复核
20260323111542.npy,3,0,母亲,MECG_clean,T波自动,8.22,8.38,160.0,8.22,0.009120756760239601,8.3,0.15672194957733154,0.14760119281709194,自动标记，建议人工复核
20260323111542.npy,3,0,母亲,MECG_clean,P波自动,8.596,8.656,60.0,8.596,-0.06242535635828972,8.628,-0.0019891115371137857,0.06043624482117593,自动标记，建议人工复核
20260323111542.npy,3,0,母亲,MECG_clean,QRS波自动,8.704,8.772,68.0,8.704,-0.06416057050228119,8.732,0.8045998215675354,0.8687603920698166,自动标记，建议人工复核
20260323111542.npy,3,0,母亲,MECG_clean,T波自动,8.828,9.036,208.0,8.828,-0.055509909987449646,8.956,0.1835443377494812,0.23905424773693085,自动标记，建议人工复核
20260323111542.npy,3,0,母亲,MECG_clean,P波自动,9.24,9.3,60.0,9.24,-0.04763563722372055,9.268,0.011940736323595047,0.0595763735473156,自动标记，建议人工复核
20260323111542.npy,3,0,母亲,MECG_clean,QRS波自动,9.344,9.412,68.0,9.344,-0.06829868257045746,9.372,0.8965802192687988,0.9648789018392563,自动标记，建议人工复核
20260323111542.npy,3,0,母亲,MECG_clean,T波自动,9.492,9.652,160.0,9.492,-0.07435315102338791,9.584,0.1561139076948166,0.2304670587182045,自动标记，建议人工复核
20260323111542.npy,3,0,母亲,MECG_clean,P波自动,9.876,9.932,56.0,9.876,-0.047141097486019135,9.904,0.018252911046147346,0.06539400853216648,自动标记，建议人工复核
20260323111542.npy,3,0,母亲,MECG_clean,QRS波自动,9.976,10.044,68.0,9.976,-0.04707027226686478,10.004,0.8650276064872742,0.912097878754139,自动标记，建议人工复核
20260323111542.npy,3,0,母亲,MECG_clean,T波自动,10.124,10.3,176.0,10.124,0.015972929075360298,10.22,0.18927763402462006,0.17330470494925976,自动标记，建议人工复核
20260323111542.npy,3,0,母亲,MECG_clean,P波自动,10.496,10.56,64.0,10.496,-0.11288292706012726,10.528,-0.08455845713615417,0.028324469923973083,自动标记，建议人工复核
20260323111542.npy,3,0,母亲,MECG_clean,QRS波自动,10.604,10.672,68.0,10.604,-0.1368076354265213,10.632,0.74985671043396,0.8866643458604813,自动标记，建议人工复核
20260323111542.npy,3,0,母亲,MECG_clean,T波自动,10.756,10.928,172.0,10.756,-0.04057256504893303,10.836,0.12766392529010773,0.16823649033904076,自动标记，建议人工复核
20260323111542.npy,3,0,母亲,MECG_clean,P波自动,11.064,11.188,124.0,11.064,-0.1409367024898529,11.16,-0.015179380774497986,0.12575732171535492,自动标记，建议人工复核
20260323111542.npy,3,0,母亲,MECG_clean,QRS波自动,11.232,11.3,68.0,11.232,-0.03652029484510422,11.26,0.87123042345047,0.9077507182955742,自动标记(估计)
20260323111542.npy,3,0,母亲,MECG_clean,T波自动,11.392,11.552,160.0,11.392,0.0807337835431099,11.484,0.3097582161426544,0.22902443259954453,自动标记，建议人工复核
20260323111542.npy,3,0,母亲,MECG_clean,P波自动,11.72,11.844,124.0,11.72,0.031333692371845245,11.752,0.0652376338839531,0.03390394151210785,自动标记，建议人工复核
20260323111542.npy,3,0,母亲,MECG_clean,QRS波自动,11.848,11.916,68.0,11.848,-0.14782355725765228,11.876,0.7028248310089111,0.8506483882665634,自动标记(估计)
